,y
6114,no
21533,no
2210,no
17362,no
14022,no
9722,no
2991,no
2154,no
22821,no
36489,no
17576,no
28096,no
18624,no
22716,no
24282,no
4981,no
15537,no
17562,no
27031,no
19262,no
34565,no
22390,yes
23639,no
36419,no
10219,no
29261,no
4835,no
27951,no
5166,no
23019,yes
9066,no
19040,no
29727,no
9625,no
15194,yes
16700,no
13703,no
3531,no
3582,no
18835,no
19221,no
14132,no
112,no
20113,no
19272,no
36646,no
2919,no
5993,no
32366,no
32737,no
240,no
4068,no
1314,no
26662,no
15057,no
3256,no
35674,no
6475,no
22041,no
14056,no
39419,yes
33383,no
12006,no
34282,no
35862,no
33056,no
34206,no
40197,yes
27055,no
14068,no
26860,no
23649,no
13519,no
10100,no
17534,no
9302,no
2631,no
22104,no
26702,no
30430,no
23633,no
18163,no
5663,no
7567,no
27513,no
40592,no
32875,no
8917,no
25031,no
505,no
15731,no
4940,no
39164,yes
39608,no
9240,no
11828,no
38448,yes
20726,no
26039,no
909,no
29838,no
26484,no
26639,no
5530,no
6741,no
10025,no
9583,no
28503,no
35610,no
8882,no
2784,no
9679,no
13062,no
32012,no
2095,no
29839,no
7082,no
40912,yes
29121,no
5553,no
31370,no
15858,no
41033,yes
7348,no
4036,no
6664,no
21543,no
18205,no
14294,no
37832,no
15832,no
41150,no
18908,no
12008,no
13850,no
7566,no
24978,no
3362,no
14330,no
25894,no
200,no
34133,no
38168,no
6474,no
14814,no
18107,no
39828,yes
4716,no
33790,no
1128,no
15757,yes
1597,no
30648,no
20569,yes
28780,no
19254,no
17125,no
26840,no
5011,no
5304,no
29610,yes
27497,no
35440,yes
28933,no
25026,no
6445,no
31712,no
20971,no
22645,no
31349,no
11888,no
11784,no
6222,no
36971,yes
7060,no
12351,no
26903,no
30874,no
4346,no
16628,no
31199,no
2742,no
8372,no
7092,no
31300,no
39571,no
23000,no
8649,no
11470,no
2042,no
38013,no
19173,no
4455,no
21861,no
12889,no
37067,no
35945,no
751,no
32430,no
31520,no
37942,yes
36522,no
18345,no
32885,no
4912,no
13117,no
30208,no
2990,no
39947,yes
20897,no
28907,no
26823,no
20545,no
15821,no
28417,yes
24312,no
35999,yes
10280,no
21486,no
20136,no
28518,no
13941,no
34775,no
30483,no
4183,no
17693,no
24527,no
39921,no
1168,no
41173,yes
756,no
27278,no
3422,no
37190,no
12920,no
39330,no
28564,no
27941,yes
7420,no
5365,no
1050,no
9824,no
11722,no
9476,no
14998,no
12432,no
30366,yes
9212,no
26538,yes
4878,no
24708,no
28514,no
11306,no
825,no
24564,no
25904,no
889,no
29559,no
1911,no
11274,yes
34066,no
38775,yes
8617,yes
9420,no
31492,no
26076,no
376,no
3856,no
22778,no
2195,no
10592,no
5053,no
36365,no
24506,no
7434,no
31575,no
36123,yes
37753,yes
21312,no
29168,no
24880,no
27624,no
38322,no
15778,no
25605,no
19043,no
35586,yes
25012,no
5876,no
15544,no
18913,no
28266,no
34831,no
2370,no
20601,no
35882,yes
24175,no
4082,no
17399,yes
25218,no
7290,no
38291,no
9765,no
21764,no
17648,no
8588,no
35254,no
35334,no
13685,yes
32408,no
7599,no
2653,no
4480,no
10951,no
25632,no
30025,yes
5465,no
22077,no
31241,yes
37547,no
27201,no
33252,no
11134,no
1775,no
6570,no
30815,no
7081,no
34883,no
3204,no
5134,no
8196,yes
20443,no
7374,no
9777,no
313,no
2325,no
21480,no
9077,no
14952,no
5216,no
8076,no
13691,no
9985,no
10937,no
3374,no
16426,no
39088,yes
5944,no
363,no
10812,no
13206,no
15204,no
29153,no
14042,no
25200,no
27906,no
31258,yes
17737,no
23199,no
25623,no
4164,yes
20522,yes
18449,no
26056,no
21339,no
11471,yes
19348,no
11183,no
20555,no
23224,no
4612,no
29312,no
20633,no
38210,no
13788,no
14206,no
23529,no
11833,no
403,no
16060,no
23716,no
2248,no
13314,no
26317,yes
40952,yes
23617,no
27103,yes
8676,no
8946,no
17165,no
13655,no
2779,yes
170,no
762,no
3462,no
19797,no
32855,no
16510,no
14078,no
27290,no
17631,no
27468,yes
38951,no
15374,no
1133,no
8183,no
3621,no
8758,no
4648,no
11163,no
7244,no
10242,no
11576,no
17429,no
15037,no
17409,no
32610,no
4727,no
11941,no
2190,no
34868,no
30933,no
11481,no
17295,no
20602,no
8464,no
3237,no
4079,no
9620,no
32457,no
14773,no
6153,no
5051,no
38330,yes
28931,no
21887,no
5478,no
37604,yes
1063,no
16339,no
20706,no
15475,no
32169,no
27538,no
20787,no
17039,no
23409,no
1566,no
17124,no
38139,no
17654,no
20325,no
1270,no
772,no
11351,no
33434,no
27341,no
12692,no
36799,yes
36676,yes
12482,no
21769,no
35677,no
15408,no
25530,no
30754,no
31586,no
29204,no
3255,no
25557,yes
11133,no
6463,no
37598,no
14021,no
11140,no
28720,no
40877,yes
14143,no
36510,no
18746,no
11821,no
39467,no
33807,no
10445,no
4312,no
30325,no
38541,yes
16197,no
4210,no
39182,yes
21813,no
26648,no
38016,yes
8963,no
21419,no
28373,yes
40633,no
34148,no
24518,no
655,no
24012,yes
18521,no
39634,no
32033,no
29542,no
2520,no
17040,no
32050,no
34615,no
7339,no
25910,no
8232,no
21151,no
13950,no
39722,no
27794,no
34434,no
37712,no
14281,no
39399,no
32836,no
33311,no
15974,no
13233,no
34681,no
34958,no
30132,yes
11920,no
12199,no
18509,no
38534,no
1903,no
13841,no
27508,no
17468,no
3560,no
3483,no
4964,no
13374,no
11423,no
36368,no
16336,no
22961,no
14573,no
31381,no
21061,no
26517,no
12144,no
20307,no
25582,no
8878,no
13572,no
31760,no
15563,no
8212,no
26894,no
5801,no
19241,no
30317,no
38262,no
40161,yes
16354,no
29904,no
29267,no
11090,no
21308,no
14506,no
27294,no
40091,yes
9633,no
27850,yes
38189,no
38644,yes
39299,yes
30162,no
40473,yes
40665,yes
3139,no
39253,no
21320,no
4881,no
34295,no
32949,no
25902,no
35322,no
31110,no
18149,no
18977,no
13405,no
30778,no
24020,no
12197,no
23150,no
8312,no
28054,yes
6833,no
528,no
19005,yes
32448,no
31994,no
31462,no
34936,no
6248,no
36722,yes
29037,no
27821,yes
1367,no
12407,no
37395,yes
4270,no
36853,no
4574,no
35917,no
31953,no
16478,no
7195,no
6564,no
19736,no
34938,no
29067,no
8245,no
23724,no
11637,no
27973,yes
5493,no
39516,no
39268,yes
60,no
18283,no
5300,no
12236,no
33385,no
26934,no
26207,no
21052,no
10437,no
10277,no
31651,no
17257,no
19722,no
17275,no
18840,no
649,no
37026,yes
30378,no
25544,no
36841,no
33176,no
11382,no
10975,no
27829,no
26440,no
12581,no
11879,no
26427,no
18423,no
18247,no
9619,no
35994,no
15934,no
27574,no
40461,yes
14466,no
14755,yes
39932,no
40067,yes
31720,no
11955,no
11746,no
36548,yes
21072,no
16537,yes
11578,no
1366,no
23009,no
22864,no
38487,no
5608,no
38138,yes
16496,no
28075,no
15965,no
19772,no
36734,no
18293,no
15835,no
1099,no
28301,no
38119,no
11262,no
37614,no
19178,no
1622,no
12519,no
36926,yes
23236,no
7427,no
12629,no
26359,yes
22708,no
36981,yes
23351,no
32233,no
23785,no
12307,no
1542,no
16890,no
132,no
22820,no
5683,no
39976,yes
8400,no
26118,no
35205,no
8107,no
40240,yes
14778,no
32574,no
21827,no
32933,no
29884,no
38911,yes
31903,no
38570,yes
5375,no
5086,no
31031,no
25983,no
14549,no
12298,no
31007,no
39480,no
9981,no
27319,no
4535,no
27797,yes
16033,no
10720,no
19123,no
10569,no
29114,no
39270,no
12345,no
18021,no
3476,no
2726,no
25416,no
10801,no
34648,yes
12538,no
5517,no
1105,no
22187,no
17515,no
13612,no
6776,no
15944,no
7071,no
37777,no
10171,yes
19489,no
23282,no
14503,no
12703,no
18643,no
12687,no
40310,yes
4743,no
17676,no
25068,no
38311,no
26481,no
26452,no
8328,no
16617,no
28899,no
35198,no
33231,no
38470,no
36867,yes
22200,no
7974,no
33879,no
8128,no
4713,no
35159,no
6731,no
22692,no
3451,no
5952,no
29611,no
9873,no
28250,no
15570,no
20860,no
38874,no
6965,no
30993,yes
10711,no
13215,no
29061,no
34382,yes
20770,no
10123,no
37283,no
12104,no
3101,no
8567,no
8086,no
18372,no
559,no
12696,no
1707,no
16427,no
23066,no
2772,no
3851,no
14902,no
15263,no
28320,no
32984,no
22281,no
33192,no
2206,no
29219,no
4710,no
17326,no
24791,no
25566,yes
26041,yes
14687,no
34266,no
21259,no
6246,no
3147,no
13951,no
988,no
15751,no
7945,no
10758,no
22257,no
3149,no
40767,yes
33748,no
14832,no
33211,no
5877,no
34024,no
14529,yes
10481,no
9214,no
34280,no
22258,no
36077,no
15682,no
25450,no
8573,no
28221,no
2945,no
23660,no
23786,no
28043,yes
35975,no
372,no
33664,no
29264,no
23037,no
4724,no
9109,no
36843,yes
26494,no
24979,no
6027,no
15606,no
8353,no
15389,no
5621,no
17749,yes
12601,no
36464,yes
14040,no
35018,no
19557,no
14873,no
37821,no
7754,no
35550,no
9314,no
9207,no
14827,no
35718,no
24070,no
18308,no
17091,no
28650,no
31852,no
6959,yes
20091,yes
12617,no
28588,no
19430,no
29826,yes
19465,no
9095,no
26146,no
21524,no
32978,no
15491,no
24222,no
40903,yes
15747,no
37028,no
34181,no
36412,yes
27362,no
4814,no
31182,yes
15330,no
25078,no
28875,no
12742,no
1722,no
40414,no
11644,no
4895,no
40317,yes
21960,no
5963,no
36862,no
32495,yes
29729,no
21759,no
37416,yes
21138,no
20396,no
5518,no
22892,no
38837,no
28839,yes
7054,no
8299,no
41084,no
16014,no
11141,no
25312,no
14895,no
18084,no
11508,no
7811,no
19454,no
36088,yes
33985,no
1167,no
21680,no
28845,no
39559,no
32532,no
16372,no
4500,no
8171,no
26209,no
5947,no
1385,no
21936,no
849,no
37858,no
36119,no
10008,no
11053,no
3773,no
11638,no
20317,no
2538,no
24789,no
13742,no
33848,no
3679,no
5448,no
37546,no
17298,no
15279,no
34835,no
31980,no
25262,no
16830,no
7522,no
13768,no
30696,no
11986,no
35858,yes
24891,no
38590,yes
15451,no
827,no
31220,no
8139,no
5521,no
26786,no
22425,no
14283,no
12777,no
23092,no
10628,no
38997,no
15086,no
8229,no
9896,no
5303,no
16211,no
20186,no
39512,no
17197,no
22382,no
16497,no
21010,no
36485,yes
31091,no
36046,no
27529,no
8919,no
38930,yes
22030,no
36006,yes
38626,no
22573,no
24837,no
13608,no
34234,no
27757,no
10345,no
16669,no
17392,no
31154,no
36157,yes
3946,no
32729,no
38583,no
24200,no
20208,no
14638,no
19537,no
16208,no
26033,no
21767,no
18314,no
1469,no
30354,no
39187,no
35202,no
10570,no
23872,no
21491,no
30326,yes
21375,no
18264,no
36175,no
14230,no
12039,yes
7595,no
17030,no
18232,no
39582,yes
21048,no
22721,no
20845,no
21975,no
13045,no
13007,no
22572,no
9133,no
33296,no
5169,no
34298,no
37824,no
31998,no
22485,no
37119,no
9688,no
8354,no
37259,yes
3645,no
28584,no
24923,no
7532,no
29191,no
10483,no
36944,yes
13384,no
32149,no
2821,no
16769,no
38908,no
25809,no
38618,no
7019,no
5408,no
17894,no
4546,no
13549,no
40083,yes
1701,no
16531,no
4040,no
5990,no
1524,no
6112,no
2064,yes
23614,no
16040,no
2754,no
39201,no
12607,no
9820,no
2431,no
4047,no
16923,no
3339,no
10965,no
9219,no
34619,no
1100,no
28470,yes
6352,no
13583,no
8578,no
7505,no
31904,no
3178,no
8091,no
22379,no
34861,yes
2396,no
6503,no
3140,no
9764,no
24982,no
36192,no
30196,no
22035,no
11582,no
18376,no
29324,no
17611,no
184,no
6572,no
22198,yes
7113,no
13272,no
37666,yes
30845,no
21239,no
37221,no
9773,no
14215,no
32018,no
8684,no
30698,no
3834,no
1963,no
37719,no
34157,no
17811,no
26374,no
39409,yes
35459,no
18511,no
32245,no
27088,no
10384,no
11398,no
12753,no
24605,no
30150,no
12620,no
6792,no
2033,no
15590,no
26993,no
6672,no
22683,no
25056,no
2826,no
3587,no
1419,no
30788,yes
38572,yes
21447,no
26277,no
1094,no
365,no
41129,no
38960,no
28268,no
6533,no
11789,no
27451,no
32446,no
19081,no
27550,no
155,no
6462,no
21040,no
885,no
15388,no
20540,no
5246,no
3223,yes
16602,no
39453,yes
3865,no
19770,no
30494,no
25664,no
27791,no
23295,yes
6895,no
16566,no
8333,no
28388,no
28719,no
35116,no
35303,no
34135,no
18874,no
37691,no
33771,no
21622,no
15320,no
11343,no
5497,no
8197,no
40079,yes
703,no
37599,no
10136,no
23358,no
10448,no
3898,no
24861,no
7075,no
19436,no
17838,no
2755,yes
23556,no
34631,no
11947,yes
39010,yes
1212,no
35537,no
40897,no
18670,no
34723,no
2489,no
17418,yes
34461,no
37722,no
29744,no
6683,no
40964,no
34,no
14167,no
7176,no
31421,no
31271,no
27849,yes
34482,no
17664,no
21433,no
9022,no
8089,no
39457,no
31872,no
69,no
8994,no
26821,no
36555,no
38397,yes
26380,no
18178,no
13505,no
40694,no
3390,no
36798,no
15892,no
25074,no
7557,no
30516,yes
10543,no
17714,no
12054,no
25552,no
34385,no
1069,no
13770,no
39267,yes
17806,no
39341,yes
29303,no
28205,no
36596,no
4834,no
32436,no
29265,yes
40973,yes
541,no
25415,no
21897,no
40488,no
211,no
37358,no
22720,no
17097,no
22326,no
30725,no
4805,no
24788,yes
13890,no
12460,no
38160,no
1706,no
18281,no
30723,yes
20199,no
18995,no
19975,no
17818,no
40894,no
27637,no
35261,no
11055,no
35918,no
32571,no
39782,yes
25169,no
27750,no
18543,no
1162,no
32871,no
26251,no
15881,no
40989,no
20539,yes
18997,no
12459,no
37989,yes
3238,no
24107,no
34373,no
27666,no
41005,no
27062,no
1363,no
10156,no
25754,no
26158,no
19621,no
22603,no
40188,yes
31445,no
40143,yes
8281,no
30082,yes
32956,no
22318,no
35660,no
24838,no
3224,no
15820,no
25087,no
39704,yes
21696,no
26423,no
19077,no
3434,no
38095,yes
14576,yes
37961,no
21058,no
28665,no
14699,no
36436,no
35176,no
37761,no
36582,no
38445,yes
23196,no
1427,no
10875,no
34230,no
20854,no
6236,no
5684,no
23644,no
16447,no
6706,no
1565,no
28353,no
1440,no
32173,no
22969,no
35705,no
6006,no
27322,no
5392,no
35217,no
12211,no
20652,no
17530,no
35262,no
36342,no
28676,yes
13204,no
1855,no
40044,no
3681,no
33846,no
32742,no
15280,no
8380,no
40526,no
17912,no
2871,no
10613,no
7807,no
40857,no
24793,no
22266,no
8775,no
17251,no
16269,no
17357,no
14028,no
13083,no
32471,no
4871,no
30083,yes
17475,no
17463,no
12719,no
18166,no
40003,no
16633,no
6095,no
20295,no
23278,no
34076,no
3907,no
1090,no
8169,no
6127,no
39530,yes
16851,no
4139,no
17984,no
39279,yes
30167,yes
1573,no
10052,no
13837,no
29385,no
15723,no
37796,no
22743,no
23686,no
12972,no
11360,no
5525,no
15436,no
26274,no
15616,no
39241,no
24212,no
4884,no
35951,no
335,no
10020,no
1678,no
3377,no
23491,no
37423,no
34476,no
22530,no
29456,no
34655,no
4094,no
33206,no
33155,no
19494,no
31356,no
12387,yes
19873,no
9438,no
30126,no
31581,no
38909,no
36794,yes
34763,no
36243,no
40830,yes
1151,no
4118,no
10313,no
6322,no
3569,no
11666,no
34086,no
16908,no
2872,no
34887,yes
23908,no
23986,no
8023,no
31907,no
37061,yes
39305,yes
12399,no
30209,yes
7495,no
6450,no
17422,no
17134,no
22291,no
5536,no
6451,no
28754,no
26194,no
37139,no
37457,yes
38317,no
36186,no
2804,no
13997,no
6513,no
16818,no
38446,yes
7316,no
14302,no
4632,no
32587,no
20887,no
15709,no
22947,no
36356,no
16721,no
35525,no
23337,no
17595,no
26596,no
11623,no
7369,no
36669,no
18803,no
18120,no
136,no
38173,yes
2789,no
19413,no
17247,no
19952,no
23029,no
18947,no
6467,no
2285,no
1350,no
32229,no
29342,no
14286,no
31962,no
15493,no
40352,yes
20227,no
20284,no
8060,no
1330,no
1061,no
38875,no
29987,no
22588,no
2751,no
30461,yes
19094,no
1856,no
18396,no
9195,no
31254,no
36375,yes
38531,yes
35133,no
29122,no
24768,no
6509,no
21376,no
22854,no
23844,no
40396,no
26937,no
6468,no
35730,no
22207,no
1356,no
20959,no
16434,no
11239,no
3167,no
27869,no
12173,no
24192,no
1841,no
18606,no
32086,no
5704,no
26953,no
10612,no
22930,no
3545,yes
33503,yes
409,no
1899,no
3734,yes
33197,no
5094,no
30929,no
22419,no
13246,no
21324,no
8310,no
34294,no
8377,no
7266,yes
25478,no
16720,no
10464,no
27133,no
457,no
7593,no
9591,no
21143,no
17836,no
34673,no
15825,no
22899,no
3066,no
11755,no
22841,no
23276,no
4671,no
26547,no
5351,no
31059,no
8928,no
37,no
1556,no
39140,no
16292,no
14301,no
1646,no
9972,no
2213,no
15308,no
26774,yes
30630,no
19082,no
5966,no
5138,no
7313,no
29491,no
37558,no
40841,no
27564,no
28041,no
30867,no
11335,no
30534,no
31152,no
124,no
39750,no
5509,no
8218,no
4684,no
25136,no
33906,no
3383,no
4766,no
15417,no
19027,no
22557,no
26524,no
28167,yes
4234,no
16260,no
6587,no
21400,no
19571,no
17123,no
39786,yes
19822,no
9881,no
22192,yes
29716,no
13927,no
11937,yes
36370,no
10599,no
37293,yes
37234,no
659,no
33800,no
37131,no
25973,no
28528,no
27790,yes
13683,no
9057,no
32542,no
32476,no
35704,no
27409,no
6408,no
8621,yes
23750,no
33662,no
21640,no
22872,no
17548,no
7540,no
1729,no
26478,no
12139,yes
32034,no
15808,no
29253,no
38269,yes
1030,no
10420,no
40305,yes
35173,no
15062,no
24732,no
28920,no
11609,no
3063,no
12394,no
1868,no
37059,no
11983,no
18785,no
35757,no
21986,no
5898,no
26127,no
14897,no
9552,no
9430,no
23905,no
26404,no
38944,no
27608,no
18078,no
10938,no
19869,no
2148,no
35531,no
4907,no
33841,no
7848,no
15432,no
22470,no
28683,no
3243,no
2387,no
8589,no
34818,no
8398,no
16845,no
14564,no
29404,no
27607,no
12811,no
33265,no
33244,no
8147,no
35668,no
32580,no
12184,no
39922,yes
39468,no
25251,no
30871,no
13054,no
31868,no
34653,no
30186,yes
16992,no
11304,no
19417,no
34707,no
17830,no
19937,no
18499,no
10688,no
10288,no
37859,no
27974,no
6999,no
31342,no
1648,no
12733,no
6649,no
3591,no
17998,no
22156,no
25333,no
3754,no
9697,no
21234,no
21035,yes
9786,no
27581,no
32671,no
12918,no
14004,no
26309,no
7539,no
3690,no
29913,yes
31437,no
19334,no
36064,no
20700,no
34364,yes
9361,no
30575,no
37687,yes
19790,no
6476,no
260,no
29341,no
30766,no
15162,no
34045,no
26902,no
27775,no
26172,no
25048,no
39890,yes
10614,no
18349,no
1413,no
8885,no
34717,no
6864,no
1248,no
12386,no
35295,no
33668,no
39787,yes
668,no
38946,yes
34246,no
2415,no
19657,yes
15130,no
23138,no
29637,no
37841,no
5438,no
26760,no
6919,no
40596,yes
40949,no
6375,no
14630,no
35017,yes
4647,no
2763,yes
24338,no
39718,yes
38557,yes
14793,no
4650,no
37659,no
37486,no
210,no
5251,no
15282,no
27742,yes
37709,no
29992,no
19449,yes
33895,no
38580,no
17016,no
4529,no
2230,no
10271,no
21766,no
31133,no
28378,yes
6973,no
8113,no
25989,no
944,no
25922,no
30188,yes
31917,no
5409,no
5596,no
2839,no
21909,no
22562,no
30100,no
21336,no
29719,no
13845,no
39340,yes
39515,yes
7437,yes
35583,no
1262,no
5461,no
11729,no
33331,no
32390,no
11290,no
529,no
4810,no
7036,no
27609,no
25892,yes
4061,no
13548,no
13814,no
29384,yes
18834,no
2479,no
15730,no
39887,no
33560,no
13741,no
25294,no
12255,no
3980,no
24100,yes
14411,no
5496,no
21560,no
28684,no
3993,no
38811,yes
38547,yes
10509,no
20868,no
6942,no
6904,no
24008,no
29790,no
34712,no
30826,no
39651,no
21789,no
6866,no
25295,no
40839,yes
8300,no
38665,no
1649,no
41157,no
16264,no
27947,no
862,no
26606,yes
34882,no
15268,no
8270,no
18036,no
29285,no
8840,no
34117,no
40137,yes
38026,yes
40958,no
19375,no
23838,no
31147,no
25177,no
30370,no
20862,no
12726,no
13564,no
39013,yes
33713,no
14577,no
30022,no
17762,yes
2877,no
23804,no
4968,no
22204,no
4113,no
26986,no
15678,no
21776,no
11733,no
17482,no
15668,no
39937,no
4489,no
7812,no
18473,no
28895,no
36159,no
31634,no
29481,no
7936,no
25276,no
28325,no
2601,no
14079,no
37252,no
3987,no
13262,no
25451,no
15403,yes
10436,no
17072,no
40513,yes
36290,no
880,no
16086,no
26395,no
33948,no
3737,no
24502,yes
10104,no
24883,no
28098,no
5652,yes
34466,no
19467,no
27187,no
3080,no
28172,no
20459,no
33535,no
35523,yes
32037,no
15439,no
14697,no
19564,no
17110,no
6764,no
1829,no
39314,yes
6708,no
3746,no
19085,no
34421,no
26303,no
12771,no
13484,no
8063,no
22554,no
35576,no
17767,no
11116,no
25054,no
18313,no
30885,no
4358,no
2457,no
34389,yes
31798,no
22574,no
32098,no
9378,no
27453,no
18812,no
9739,no
15890,yes
4103,no
26905,no
2559,no
5817,no
10300,no
29289,no
31438,no
17687,no
32147,no
35056,no
20190,no
40847,no
12455,yes
33789,yes
19512,yes
24125,no
959,no
37347,no
28970,no
6886,no
39685,yes
19981,no
9893,yes
870,yes
37968,yes
10874,no
4167,yes
30890,no
4499,no
20252,no
8703,no
30789,no
19109,no
7188,no
10213,no
39925,yes
20110,no
24974,no
33365,no
32535,no
34366,no
26525,no
13395,no
30457,no
8828,no
23467,no
13102,no
11894,no
34511,no
4796,no
26266,no
41117,yes
34807,no
9643,no
40314,no
27540,no
15918,no
5433,no
40261,yes
28482,yes
39260,yes
16136,no
29024,no
16849,no
33038,no
14150,no
17377,yes
34257,no
24067,no
29155,no
35997,no
17766,no
20690,no
16299,no
13013,no
16977,no
8650,no
28883,no
27961,no
38715,yes
22582,no
40975,yes
35485,no
39902,no
39225,yes
13626,no
37631,yes
31734,no
15063,no
34034,yes
9006,no
12010,no
37727,yes
3042,no
15272,no
8080,no
24461,no
18774,no
21025,no
25835,no
4883,no
30144,no
16931,no
37985,no
9617,no
19956,no
5733,no
22541,no
22540,no
11397,no
30757,no
37191,yes
5975,no
33181,no
39546,no
13573,no
31951,no
30248,no
14482,yes
27664,no
12111,no
16253,yes
33480,no
30840,no
39875,yes
3955,no
33665,no
14769,no
16548,no
36509,yes
34614,no
37735,no
34525,no
3466,no
405,no
38312,yes
29764,no
28059,no
29399,no
27535,no
30104,no
32242,no
27738,yes
6177,no
20567,no
25652,no
3561,no
17673,no
3592,no
6053,no
22299,no
21233,no
39413,no
15426,no
29732,no
1787,no
39682,yes
29654,no
25551,no
31667,no
9190,no
1809,yes
21097,no
30995,no
37721,no
24807,no
29810,no
24166,no
19056,no
252,no
1999,no
13326,no
34131,no
24604,no
24042,yes
24058,yes
11319,no
5449,no
12835,no
15774,no
5619,yes
5217,no
35421,no
10189,no
31811,no
33803,no
32450,no
26983,no
2133,no
40436,no
35876,no
26720,no
23260,no
26592,no
6692,no
34646,no
10303,no
25195,no
7457,no
362,no
40514,yes
35776,no
38099,no
22960,no
7338,no
16395,no
26446,no
24651,no
9238,no
27267,no
21277,no
23671,no
15763,no
37137,no
14408,no
23385,no
21716,no
10335,no
6528,no
8388,no
26590,yes
5697,no
37904,yes
17058,no
31971,no
26355,no
14269,no
7184,no
34588,no
39938,no
26128,no
652,no
7839,no
27227,no
3176,no
10130,no
18188,no
24801,no
30054,no
1116,no
28135,no
39613,yes
21770,no
39323,yes
492,no
32681,no
18124,no
28017,yes
24640,no
9994,no
35436,no
28944,no
23194,no
4268,yes
40623,no
34129,no
26121,no
30087,no
10187,no
2316,yes
14893,no
19270,no
21218,no
40756,yes
28483,no
22384,no
39579,yes
40955,yes
3460,no
8542,yes
9575,no
20318,no
1917,no
35406,no
25044,no
34046,no
31567,no
25945,no
27539,no
38734,no
38673,no
25298,no
8386,no
32979,no
1138,no
11658,no
2392,no
22524,no
35505,no
14764,no
2305,yes
24866,no
37828,no
6085,no
5322,no
29115,no
3913,no
6007,no
2565,no
26354,no
23568,no
40217,no
5610,no
8695,no
39269,no
31752,no
23829,no
13345,no
20576,no
40401,yes
19122,no
8056,no
34971,no
28680,no
39077,no
34814,no
8415,no
18005,no
7033,no
14472,no
20535,no
9830,no
11708,yes
1575,no
18861,no
18190,no
36058,no
35715,no
12734,no
28214,yes
32747,no
2491,no
21071,no
31317,no
20008,no
5895,no
12068,no
32909,no
41109,no
1583,no
16600,no
18907,no
19823,no
27251,no
34628,no
29260,no
7021,no
24867,no
28001,no
6163,no
38127,yes
25091,no
2049,no
21085,no
12805,no
3869,no
18994,no
11530,no
1355,no
16674,no
20978,no
1222,no
13645,no
16829,no
20125,no
24080,yes
10015,no
3393,no
4712,no
1543,no
12868,no
19608,no
40836,no
22375,no
23654,no
13034,no
23890,no
36755,no
34465,yes
39404,yes
8829,no
41140,yes
29735,yes
35972,yes
5231,no
37945,no
40102,no
37676,no
16797,no
29316,no
24960,no
20346,no
40285,no
29058,no
9226,no
39732,yes
29035,no
1164,no
11701,no
19215,no
4030,no
9300,no
37988,no
22918,no
23480,no
14128,no
5653,no
34490,no
12570,no
8944,no
841,no
31041,no
11594,no
21379,no
40489,no
20504,no
40887,no
9670,no
30654,no
19786,no
12899,no
24124,no
34317,no
14409,no
40717,yes
29407,yes
39161,no
12744,no
18073,no
23499,no
4609,yes
25925,no
803,no
29074,no
4436,no
27114,no
24301,no
35753,no
23616,yes
38593,no
38454,no
23116,no
18680,no
9693,no
4267,no
3631,no
15227,no
3556,no
10148,no
4463,no
33390,no
12402,no
1148,no
27653,no
21822,no
38663,no
40802,no
32145,no
40129,no
20344,no
38640,yes
31269,no
16133,yes
36176,no
4341,no
23360,yes
17028,no
32197,no
22991,no
29025,no
15013,no
26945,no
1425,no
25099,no
17745,no
5505,no
17733,no
3184,no
26298,no
14241,no
28657,no
21173,no
12353,no
2522,no
16281,no
27421,no
1140,no
32952,no
30401,yes
23521,no
33097,no
17821,no
32803,no
8481,no
40158,yes
19008,no
33597,no
34508,no
14451,no
2989,no
25140,no
36975,yes
22049,no
33570,no
9017,no
11844,no
3206,no
19924,no
34126,no
10548,no
11069,no
4033,no
16848,no
12349,no
25726,no
28723,no
30247,yes
40243,yes
16598,no
6941,no
29506,no
33809,no
37485,no
3963,no
33766,no
33222,no
15421,no
27033,no
30057,no
8823,no
14866,no
21129,no
16351,no
28807,no
360,no
25554,no
4789,no
11478,no
24232,no
28330,no
7681,no
31156,no
10782,no
21965,no
4085,no
5334,no
18100,no
32846,no
24965,no
18548,no
30692,no
38776,yes
14329,no
14048,no
3966,no
415,no
29189,no
8718,no
38793,yes
24872,no
22401,yes
2141,no
1250,no
40712,no
35238,no
37670,no
13082,no
32745,no
39028,yes
19227,no
23392,no
9937,no
15684,no
28277,no
4855,no
16866,no
27988,yes
32701,no
23084,no
2849,no
38688,yes
23866,no
22305,no
30700,no
5067,no
39083,yes
25898,no
27946,no
33115,no
10221,no
3202,no
26390,no
17519,no
11231,no
3532,no
2158,no
961,no
12977,no
31866,no
36361,no
21905,no
21073,no
16274,no
29143,no
27071,no
7785,no
40564,yes
37771,yes
33815,no
6521,no
10434,no
6227,no
4773,no
2019,no
5885,no
6242,no
13797,no
40558,yes
33908,yes
37523,no
36828,no
39605,yes
9767,no
1174,no
35548,no
3526,no
20869,no
6691,no
21586,no
5206,no
24915,no
4917,no
21127,no
9376,no
5919,no
17114,no
2349,no
5546,no
8827,no
20120,no
7576,no
12630,no
13240,no
14947,no
26421,no
4795,no
26235,no
22322,no
38657,no
18829,no
15705,no
20304,no
14639,yes
24121,yes
30063,yes
6519,no
33553,no
35121,no
38320,no
31139,yes
8155,no
26876,no
19989,no
3939,yes
25142,no
37779,no
9929,no
13561,no
32738,no
23315,no
32010,no
32265,yes
17952,no
30759,no
6092,no
28147,no
32236,no
39134,yes
36737,no
2024,no
18256,no
23296,no
12356,no
34141,no
1615,no
3974,no
34664,no
29468,no
16865,no
34416,no
38233,no
14790,no
180,no
10726,no
28462,no
13921,no
10746,no
28606,no
22194,no
26549,no
37607,no
10435,no
23048,no
10645,no
33950,no
4765,no
29465,yes
18417,no
32819,no
7400,no
4255,no
9746,no
11585,no
27289,yes
1558,no
34472,no
39238,no
7362,no
7164,no
40117,yes
12046,no
26227,no
14257,no
20884,no
28999,no
23074,no
33326,no
38872,no
20951,no
14039,no
34571,no
9097,no
4201,no
19539,no
39315,yes
13451,no
33458,no
30072,no
6218,no
39053,no
37043,yes
7584,no
36444,no
20290,no
17889,no
9390,no
1773,no
9288,no
3380,no
8923,no
3125,no
8428,no
37587,no
11728,no
23359,no
34950,no
7815,no
4012,no
40888,no
21026,no
10948,no
31351,no
33775,yes
25350,no
31188,no
36218,no
23268,no
8315,yes
344,no
38515,yes
31859,no
19788,no
14624,no
17627,no
20306,yes
35894,no
28465,no
13979,no
40537,no
11247,no
37752,yes
6437,no
6979,no
22826,no
30398,no
31281,no
10496,no
17695,no
13594,no
6403,no
20195,no
4564,no
32222,no
35345,no
8847,no
33710,no
28188,no
16329,no
1188,no
22535,no
5454,no
3090,yes
317,no
37695,yes
4764,no
18712,no
27438,no
3413,no
33966,no
30000,yes
33418,no
8710,no
21500,no
38569,yes
8174,no
39208,yes
23898,no
31320,no
16708,no
32800,no
26736,no
33540,no
1930,no
15503,no
28436,no
2508,no
30979,no
24277,no
9142,no
7151,no
39348,yes
4333,no
28127,no
10238,no
19739,no
28204,yes
8252,no
22108,no
18527,no
2660,no
13588,no
37560,no
36331,no
40984,no
24459,no
10568,no
34587,no
22178,no
24201,no
24290,no
36723,yes
927,no
11927,no
15642,yes
13231,yes
15869,no
17524,no
21049,no
19576,no
32500,yes
22681,no
17801,no
40425,no
37623,no
26511,yes
651,no
23180,no
15101,no
933,no
38044,no
34180,no
13803,no
17439,no
32402,no
37292,yes
33004,no
2967,no
7136,no
13280,no
27718,yes
39461,no
14693,no
29458,no
39410,no
4759,no
16439,no
37123,no
38576,no
36512,yes
32444,no
7847,no
5734,no
31697,no
23145,no
3441,no
26477,no
36382,no
34318,no
33717,no
5373,no
29484,no
21548,yes
25675,no
5618,no
26200,no
34659,no
32847,no
30282,yes
9090,no
36692,no
20145,no
704,no
12272,no
39312,yes
13253,no
16609,no
30003,yes
17262,no
1925,no
3087,no
18991,no
2743,no
21587,no
26816,no
12331,no
36160,yes
12451,no
33970,no
23680,no
11392,no
1807,no
15572,no
24836,no
29957,no
1815,no
8251,no
14956,no
19120,no
8628,no
35,no
13794,no
9684,no
14037,no
19575,no
5726,no
27911,yes
17290,no
20082,no
8804,yes
27144,no
12151,no
35987,no
1595,no
15926,no
40012,no
19754,no
4114,no
6188,no
4444,no
21914,no
2671,no
3835,no
26181,no
6186,no
10916,yes
22940,no
10749,no
38224,no
2502,no
24835,no
28747,no
38617,no
23129,no
3360,no
26082,no
27660,no
15333,no
18798,no
14937,no
5337,no
24014,yes
35435,no
39493,no
1418,no
31837,no
2630,no
37217,no
65,no
20609,no
40166,no
1536,no
12559,no
29527,no
26332,no
16577,no
4507,no
37426,no
22768,no
19253,yes
13699,no
1058,no
9725,no
40440,yes
23572,no
12105,no
38824,yes
16508,no
32181,no
28397,no
9163,no
38919,no
18105,no
32441,no
5229,no
6061,no
18008,no
26572,no
5870,no
10611,no
31922,no
1494,no
37588,yes
40962,no
23437,no
14458,no
273,no
31963,no
21032,no
27576,no
4052,no
24072,yes
35095,no
770,no
24026,no
1792,no
26809,no
25391,no
7058,no
38389,no
17641,no
1117,no
31315,no
7965,no
15504,no
30382,no
20308,yes
13465,no
26837,no
22746,no
13146,no
20468,no
12612,no
5450,no
28040,no
26231,no
11693,no
8982,no
19306,no
6392,no
19838,no
23822,no
37400,no
3233,no
15584,no
10418,yes
39199,no
29521,no
26001,no
37210,no
14622,no
28340,no
29658,no
36311,no
11635,no
26907,no
5185,no
31345,no
15463,no
27989,no
39117,yes
1659,no
1038,no
18703,no
31984,yes
3416,no
1214,no
6966,no
14941,no
28988,no
13311,no
18534,no
7207,no
18156,no
14925,no
7094,no
17608,no
34002,no
17367,no
5063,no
27936,no
2484,no
17316,no
872,no
8735,no
17992,no
17232,no
13940,no
18365,no
2881,no
30884,no
22718,no
13008,no
26688,no
23880,no
27064,no
16099,no
28460,yes
38585,no
39738,yes
9984,no
20057,no
21682,no
19689,no
28012,no
4360,no
842,no
21115,no
2136,no
5736,no
40879,no
9324,no
10799,no
30079,no
12679,no
15480,no
28364,no
10703,no
30656,no
21993,no
24372,no
536,no
30830,no
28157,no
36709,yes
33085,no
25744,no
35743,yes
38172,no
26963,no
9635,no
4096,no
13493,no
37267,no
6981,no
12450,no
17023,no
648,no
21938,no
2540,no
24725,no
28884,no
13193,no
247,no
7384,no
12501,yes
14579,no
5228,no
36374,no
29751,no
16489,no
27798,no
18684,no
19877,no
4754,no
25625,no
30821,no
11720,no
510,no
8951,no
17112,no
31645,no
5581,no
30206,no
15492,no
24241,no
37826,no
24644,yes
37060,no
7477,no
6297,no
38587,no
8895,no
33348,no
12143,no
30701,no
29789,no
37003,no
22658,no
17819,no
7341,no
34816,no
17310,no
30924,no
37770,yes
7859,no
32115,no
40152,no
7243,no
29328,no
7274,no
14235,no
13681,no
11698,no
39871,yes
557,no
29938,no
34654,yes
29469,no
22795,no
19032,no
38553,no
14915,no
11818,no
11277,no
6732,no
869,no
40424,yes
19941,no
14935,no
24119,yes
34391,no
12195,yes
986,no
32391,no
26687,no
31308,no
24305,no
39313,yes
13783,no
31178,no
11215,no
33837,no
639,no
17019,no
24653,no
19230,no
6627,no
8517,no
14363,no
1939,no
39227,yes
6542,no
12224,no
37153,no
10266,no
10117,no
8385,no
10463,no
16722,yes
20336,no
4578,no
23314,no
35000,no
28448,no
28613,no
2818,no
27150,no
36834,no
34418,no
4699,no
14228,no
36315,no
33119,no
12984,no
16492,no
39756,yes
38550,yes
38340,yes
41063,yes
33700,no
14721,no
6444,no
3780,no
34824,no
29525,no
38246,yes
29959,no
24601,no
39102,no
28549,no
31084,no
9847,no
37493,no
35375,no
18364,no
10573,no
13085,no
17790,no
19090,no
20895,no
21153,no
20605,no
19198,no
30565,yes
9694,no
39641,no
29648,no
30570,no
39654,yes
9806,no
29462,no
27676,no
18851,no
28963,no
31124,no
21926,no
16250,no
18674,no
19925,no
21693,no
28924,no
12678,no
25870,no
17651,no
13037,no
31973,no
17178,no
7963,no
38965,yes
11184,no
19366,no
15471,no
34402,no
6720,no
18038,no
28950,no
5759,no
21311,no
27646,no
32328,yes
28943,no
29013,no
23709,no
27833,yes
7623,no
23374,no
21678,no
15804,no
13874,no
12943,no
3554,no
4382,no
28715,yes
319,no
5824,no
19943,no
39717,yes
27824,yes
21289,no
5035,no
27107,no
16939,no
11587,no
23839,no
15402,no
32347,no
35186,no
38549,no
39865,no
20682,no
32044,no
15872,no
728,no
2006,no
31759,no
5958,no
36153,no
17401,no
6488,no
29557,no
32540,no
5862,no
11089,no
34702,no
39166,yes
24966,no
15322,no
41177,no
5644,no
22444,no
172,no
23915,no
798,no
2286,no
3301,no
7719,yes
4412,no
31164,no
35988,no
21998,yes
3209,no
12114,no
26312,no
35775,no
14186,no
16717,no
2993,no
6453,no
27463,no
39994,no
9159,no
1970,no
34142,no
3513,no
18930,no
36396,no
33744,no
32964,no
21148,no
40078,yes
39158,no
10679,no
35745,no
39790,no
2014,no
31560,no
26392,no
8653,no
18327,no
27517,no
20772,no
26347,no
24735,no
14717,no
16398,no
40914,no
23732,no
41131,no
10257,no
35039,no
10828,no
27223,no
3269,no
27004,no
9921,no
9714,no
28885,no
11371,no
39638,yes
34962,no
32264,no
7702,no
21644,no
20348,no
24907,no
11663,no
41151,yes
21126,no
30231,yes
10407,no
35427,no
4610,no
10865,yes
5359,no
38777,yes
21174,no
18857,no
7145,no
12988,no
21078,no
6346,no
40917,no
13106,no
27108,no
6791,no
26637,no
3926,no
25387,no
40469,yes
6769,no
38482,no
12027,no
929,no
30115,no
40447,no
34212,yes
28123,yes
22407,no
12916,no
6438,no
33850,yes
16176,no
4565,no
23047,no
4439,no
30587,no
8494,no
4078,no
39883,yes
604,no
21906,no
32266,no
16021,no
14101,no
26563,no
27156,no
40640,no
26152,no
4172,no
5812,no
9222,no
25701,no
11289,no
4035,no
16131,no
40563,yes
32088,no
31049,no
36681,no
5519,no
26967,no
29701,no
8186,no
31190,no
39847,yes
29548,no
35476,no
7140,no
38798,no
26729,no
32351,yes
38028,no
12177,no
3543,no
11872,no
30864,no
22516,no
1650,no
5445,no
10517,no
14635,no
33462,no
17690,no
5158,no
25712,no
7497,no
32963,no
14433,no
14518,no
10358,no
17945,no
6290,no
3194,no
29806,no
7329,no
24280,no
17543,no
34809,no
34431,no
13182,no
6399,no
29894,no
17302,no
3713,no
34989,no
15863,no
35284,no
25733,no
40545,no
37621,no
23326,no
9381,no
12492,no
38102,no
41016,yes
11857,no
15637,no
3822,no
40308,no
37430,yes
5321,no
13352,no
3169,no
30858,no
31703,no
15896,no
1241,no
29453,no
11465,no
146,no
29209,no
19683,no
39131,no
18846,no
4896,no
26072,no
22545,no
12066,no
23311,no
21570,no
2132,no
886,no
26365,no
18126,no
4071,no
20591,no
31871,no
38845,yes
29124,no
14756,no
17128,no
20034,no
29683,no
12238,no
16629,no
18209,no
6199,no
34259,no
38166,no
25875,no
15675,no
18693,no
36749,yes
26389,no
27720,no
26328,no
26851,no
12062,no
26959,no
4655,no
38296,yes
2027,no
19087,no
26204,no
38852,no
22262,no
16504,no
3277,no
6091,no
19000,yes
34744,yes
16559,no
13619,no
9290,no
37825,no
9130,no
9823,no
14782,no
10452,no
482,no
29554,no
7149,no
34647,no
5080,no
28293,yes
460,no
40593,no
32337,no
28558,no
40979,no
14641,no
40399,yes
31784,no
6452,no
17633,no
24932,no
876,yes
12090,no
6148,no
20718,no
17929,no
39416,no
3443,no
36227,no
39491,yes
11612,no
17882,no
26926,no
28598,yes
24448,no
23702,no
30726,no
39674,yes
3103,no
19461,no
6357,no
30407,yes
8932,no
11297,no
28463,no
15870,no
7639,no
36947,no
4631,no
4438,no
30212,yes
25665,no
20367,no
15708,no
1294,no
16436,no
7553,no
12493,no
11168,no
19648,no
9274,no
28974,no
36844,no
17264,yes
30818,no
2476,no
30627,yes
24184,no
17788,no
26155,no
37443,no
33188,no
32594,no
6898,no
37078,yes
25105,no
34690,no
19640,no
15066,no
36763,yes
18141,no
8090,no
28749,no
36333,yes
31663,no
28889,no
11672,no
14770,no
28590,no
10583,no
35209,no
24327,yes
23650,no
12867,no
11452,no
30900,no
37327,no
24847,no
15561,no
16120,no
1231,no
32504,no
3981,no
35562,no
33315,no
36221,no
26613,no
10451,no
12892,no
33236,yes
36531,yes
5163,no
33830,no
31750,no
10961,no
6921,no
11970,no
30904,no
13872,no
16373,no
38014,yes
816,no
29704,no
38517,no
35638,no
35005,no
14133,no
8396,no
7333,no
30956,no
28108,no
23198,no
28128,no
21588,no
3535,no
11769,no
19369,no
18772,no
16861,no
12571,no
30895,no
31933,no
32055,no
22155,no
33857,no
34776,no
6059,no
17971,no
25170,no
38609,no
30245,no
12528,no
9205,no
6026,no
18333,no
17140,no
16796,yes
27213,no
10972,no
8805,no
11166,no
24697,no
8190,no
22822,no
38304,no
23628,no
12026,no
3985,no
37236,yes
14913,no
19957,no
34489,no
19547,no
26562,no
12516,no
16330,no
24937,no
6670,no
37759,no
29066,no
7570,no
36272,no
19118,no
32082,no
19041,no
9656,no
29868,no
35769,no
32166,no
39042,yes
33125,no
11996,no
26097,no
4400,no
38490,yes
17381,no
27168,no
40224,no
22598,no
33151,no
19455,no
31523,no
21545,no
10353,yes
12662,no
727,no
847,no
745,no
11650,no
36401,yes
22389,no
30334,no
35312,no
29330,no
25564,no
29186,no
38486,yes
21142,no
32823,no
24524,no
4345,no
30576,no
19880,no
23496,no
8030,no
22311,no
39570,no
20359,no
22433,no
15887,no
35825,yes
3271,no
3628,yes
22657,no
26925,no
29090,no
37790,no
5152,no
21871,yes
4365,no
33759,no
37025,no
29339,no
40590,no
22862,no
4686,no
32385,no
22868,no
37603,yes
36839,no
24334,no
616,no
34291,no
28548,no
3138,no
33573,no
17932,no
34204,yes
33249,no
10697,no
10780,no
38707,yes
26306,no
40817,no
29167,no
36787,no
7551,no
4252,yes
4629,no
2074,no
23416,no
5535,no
11420,no
18876,no
1319,yes
10158,yes
23002,no
26456,no
39301,no
9734,no
23476,no
502,no
39866,yes
27151,yes
29552,no
18817,no
24454,no
14368,no
26939,no
23156,no
31707,no
35029,no
30262,no
14474,no
17441,no
8194,no
27073,no
30059,yes
12495,no
39421,yes
9563,no
7444,yes
11829,no
9113,no
38943,no
14659,no
2753,no
24782,no
34549,no
17017,no
34430,yes
18719,no
29361,no
14759,no
5296,no
29140,no
30886,no
19119,no
40613,no
7483,no
4676,no
9484,no
23894,no
2593,no
39698,no
33194,no
40293,yes
20345,no
10390,no
14537,no
20695,no
3200,no
17935,no
5597,no
12769,no
25011,no
17900,no
33270,no
33184,no
8410,no
24183,no
20733,yes
10504,no
24270,no
27046,no
23096,no
38391,no
11204,no
26929,no
34921,no
23470,no
11312,no
9915,no
4958,no
34626,no
12414,no
12498,no
13630,no
18418,no
26436,no
19885,no
4173,no
7315,no
30836,no
4413,no
20463,no
3220,no
21429,no
28763,no
38988,no
33271,no
38384,no
21497,no
21381,no
18361,no
14819,no
20542,yes
16718,no
36881,no
5981,no
38536,no
30064,no
685,no
4948,no
4620,no
18048,no
5268,no
6742,no
16624,no
4273,no
35516,no
13226,no
8363,no
15625,no
26199,no
13418,no
26105,no
31285,no
34027,no
41107,no
32644,no
16191,no
31453,no
21499,no
5092,no
33989,no
40080,no
22414,no
3558,no
23457,no
8430,no
26621,no
11678,no
18412,no
6757,no
4048,no
11863,no
28152,no
23900,no
33708,no
2564,no
21302,no
8833,no
5413,no
38467,no
15047,no
6465,no
33684,no
40863,no
34616,no
26495,no
24598,no
12030,no
13546,no
13429,no
35383,no
446,yes
6142,no
26542,no
18094,no
34919,no
2532,no
32238,no
497,no
40735,yes
13441,no
36684,no
36552,no
20399,no
3045,no
36869,no
22238,no
27913,no
35343,no
40576,no
16147,no
8071,no
23290,no
16756,no
2240,no
5803,no
9822,no
38705,yes
11202,no
31851,no
18675,no
26401,no
24537,no
36245,no
15981,no
26895,no
23659,no
3083,no
4978,no
18123,no
9967,no
36205,no
34853,no
38421,yes
33136,no
25760,no
9854,no
7833,no
16825,no
12716,no
37349,no
33191,yes
21399,no
37176,no
5899,no
28258,no
27498,no
25052,no
27659,no
9690,no
2266,no
23542,no
2090,no
26754,no
11014,no
33287,no
32041,no
2694,no
31536,no
31027,no
9840,yes
26521,no
28674,no
14380,no
8881,no
37278,no
40385,yes
2274,no
2191,no
1002,no
22397,no
36902,no
18836,no
13945,no
34165,yes
29151,no
3166,no
26437,no
9717,no
12141,no
23881,no
22234,yes
17699,no
29543,no
21439,no
36462,yes
5390,no
40490,yes
2560,no
36480,no
1394,no
6990,no
34728,no
2812,no
13961,no
31574,no
21864,no
4850,no
7063,no
4460,no
39803,yes
26443,no
20215,no
21191,no
29009,no
3357,no
25723,no
15034,no
37032,no
34864,no
22131,no
33638,no
29138,no
9187,no
15496,no
21853,yes
13880,no
10305,no
9434,no
37500,no
39162,no
24654,no
2845,no
35136,no
5444,no
35301,no
2247,no
36674,no
24087,yes
33862,no
39184,yes
28233,no
7053,no
25502,no
3208,no
29714,no
20115,no
28211,no
2594,no
28163,no
12613,no
19500,no
24904,no
10719,no
12573,no
26843,no
9616,no
6424,no
40496,yes
31043,no
23323,no
38907,no
14427,no
18950,no
13988,no
30943,no
33272,no
22633,no
2702,no
9663,no
29860,no
15189,no
28445,no
14181,no
20748,no
25606,no
36964,no
31626,no
18665,no
10715,no
36468,yes
28484,yes
28296,yes
23357,yes
14185,no
12875,no
41133,no
16831,no
35415,yes
37310,yes
21175,no
38646,yes
19573,no
22371,no
20607,no
33595,no
2776,no
970,no
32857,no
33527,no
5270,no
35098,no
37788,yes
32439,no
31952,no
10346,no
23494,no
14783,no
16585,no
10403,no
29603,no
19826,yes
1901,no
32117,no
31443,no
32951,no
32650,no
25240,no
11522,no
34862,no
11512,no
27024,no
14958,no
22448,no
33977,no
18092,no
36363,yes
10876,no
21070,no
29930,no
3219,yes
15556,no
40175,yes
25152,no
37608,no
34808,no
29501,no
455,no
18671,no
7267,no
22441,no
31652,yes
26574,no
17188,no
326,no
5446,no
41010,yes
447,no
34381,no
32910,no
27827,yes
34348,no
20778,no
17455,no
23431,no
34699,no
29800,no
16990,no
37154,yes
20144,no
4879,no
13480,no
31774,yes
14828,yes
31267,no
10151,no
28245,no
25288,no
33903,no
7927,no
19972,no
28553,no
21160,no
25867,no
18472,no
8733,no
27452,no
23997,no
29743,no
5915,no
9140,no
41105,no
18855,no
18793,no
10940,no
7012,no
29389,no
34469,no
26815,no
26496,no
33510,no
28537,no
34261,no
21690,no
27544,no
24903,no
38051,yes
7829,no
38733,no
10956,no
11428,no
22566,no
34332,no
39560,no
12552,no
38268,no
21957,no
18694,no
24962,no
18666,no
40300,yes
8645,no
609,no
28312,yes
20773,yes
8340,no
9895,no
5807,no
37129,no
24001,yes
38439,yes
13216,no
21165,no
36526,yes
30673,no
13104,no
3562,no
40849,no
19719,no
29479,no
26950,no
30515,no
4663,no
22679,no
34547,no
9019,no
26973,no
4325,no
18730,no
12140,no
36340,no
23711,no
13757,no
6806,no
669,no
31382,no
16062,no
18918,no
22629,no
4111,no
6057,no
36306,no
13994,no
37535,no
19150,no
5802,no
36622,yes
11929,no
1777,no
10804,no
21168,no
2975,no
22639,no
35801,no
37684,no
20434,no
1475,no
26647,no
16777,no
37002,yes
19377,yes
38833,no
15725,yes
29666,no
20298,no
4300,no
39882,no
18095,no
10486,no
8088,no
24215,no
19728,no
18040,no
20594,no
12086,no
33704,yes
6508,no
35423,no
10878,no
2924,no
30582,no
25595,no
6600,no
5904,no
18144,no
20534,no
23756,no
12639,no
36395,no
39441,yes
14681,no
4888,no
6216,no
9250,no
18899,no
34473,no
2010,no
28702,no
14811,no
5395,no
37484,no
12015,no
37202,no
30619,yes
28877,no
35632,no
1347,no
10930,no
35291,no
25027,no
10689,no
29903,no
39936,no
13800,no
27587,no
35963,no
3490,no
25403,no
2028,no
23365,no
38309,no
10844,no
23130,no
19574,no
19361,no
2858,no
40509,yes
19919,no
20735,no
12438,no
27332,no
18633,no
20767,no
17003,no
24389,no
36465,yes
30013,no
5015,no
16224,no
38108,no
2338,no
38630,no
30041,yes
7706,no
35453,no
23539,no
36459,no
10775,no
12215,no
5022,no
10827,no
20152,no
6671,no
5227,no
21565,no
38891,no
28155,no
17599,no
34696,no
7010,no
2291,no
20581,yes
5501,no
20405,no
27229,no
12965,no
30172,yes
34026,no
15284,no
19634,no
23441,no
33473,no
13888,no
13088,no
39407,yes
38830,yes
20566,no
30953,no
33936,no
28386,no
28449,yes
39933,no
36249,yes
33721,no
3310,no
5999,no
12095,no
25636,yes
34217,no
23982,no
27465,yes
3251,no
25575,yes
31540,no
21423,no
35850,no
30092,yes
24928,yes
10409,no
14604,no
22176,no
38270,yes
20647,no
1651,no
31674,no
38244,yes
21511,no
15997,no
29286,yes
6752,no
1916,no
28945,no
32879,no
40557,yes
1438,no
5541,no
26243,no
25840,no
13264,no
37929,yes
23849,no
34467,no
30394,no
10370,no
1015,no
35480,no
36214,yes
12483,no
15446,no
36640,no
37998,yes
16413,no
21752,no
35047,no
40654,no
36602,yes
4975,no
21520,no
40221,yes
25507,no
26900,no
9987,no
11212,no
13103,no
279,no
17164,no
12701,no
1444,yes
26856,no
7664,no
4387,no
1074,no
38021,yes
4956,no
34740,no
22584,no
41025,yes
15875,no
7663,no
10888,no
37497,no
24316,no
4906,no
19523,no
12966,no
27358,no
8499,no
28085,yes
16588,yes
23146,no
11836,no
23582,no
21625,no
14600,no
31534,no
25392,no
10330,no
31621,no
1232,no
39721,no
1198,no
18186,no
26077,no
33564,yes
1662,no
6556,no
11416,no
29359,no
14993,no
1249,no
1948,no
5929,no
18385,no
3949,no
34911,no
38652,yes
29688,no
36528,no
13065,no
4522,yes
24475,no
8282,no
9636,yes
14130,no
9499,no
12582,no
40481,yes
12812,no
10433,no
4939,no
30585,yes
13552,no
22773,no
33574,no
9692,no
23289,no
23859,no
25469,no
9485,no
11874,no
1953,no
23401,no
36439,yes
39637,yes
20421,no
8403,no
15900,no
38110,yes
3210,no
19616,no
32782,no
18492,no
13767,no
29627,no
14202,no
4903,no
29765,no
26627,no
20668,no
35530,no
2030,no
24120,no
31843,no
17950,no
6047,no
21654,no
28962,no
3158,no
8912,yes
15571,no
6378,no
20653,no
13327,no
735,no
21279,no
11614,no
34759,no
4002,no
30257,no
21522,no
40631,no
31455,no
15004,no
797,no
24631,no
21436,no
1629,no
935,no
24357,no
550,no
37851,no
10010,no
9988,no
36989,no
11430,no
2680,no
10787,no
35653,no
27929,no
7037,no
40604,yes
35712,no
39532,no
35572,no
1000,no
40036,yes
3235,no
23656,no
2482,no
31946,no
19898,no
16938,no
2588,no
28238,no
9925,no
33896,no
13987,no
16951,no
7139,no
11276,no
3663,no
24731,no
36672,yes
9089,no
11797,no
7538,no
9916,no
23929,no
39977,yes
35890,no
3608,yes
9264,no
37529,yes
2567,no
25468,no
31787,no
31070,no
35616,no
33438,yes
40570,no
27281,no
18174,yes
23175,no
18986,yes
29781,no
1882,no
906,no
26830,no
38850,no
14116,no
37142,yes
13331,no
38022,no
20822,no
25397,no
3116,no
24690,no
18591,no
19251,no
30119,yes
33602,no
16627,yes
27331,no
28784,no
12780,no
7803,no
34236,no
3824,no
37550,yes
6094,no
7561,no
11911,no
8061,no
21600,no
16424,no
12839,no
10748,no
2434,no
25784,no
3919,no
4221,no
31711,yes
17350,no
7359,yes
10601,no
9038,no
10889,no
37549,no
38746,no
9471,no
6251,no
24429,no
4982,yes
1110,no
9589,no
23789,no
38040,yes
30942,no
34008,no
7002,no
12249,no
17940,no
39725,yes
25241,no
22749,no
35468,no
17684,no
41077,yes
18788,no
20704,no
16088,no
8074,no
38123,no
37520,no
35298,no
286,yes
25213,no
18145,no
23755,no
17347,no
9110,no
37052,no
26838,no
24649,no
34210,no
31554,no
30192,no
666,no
40700,no
34458,no
25765,no
41052,yes
35212,no
15404,no
19475,yes
14662,no
10386,no
7598,no
14464,no
19801,no
19320,no
8513,no
34240,no
8264,no
34595,no
35286,no
36056,no
15324,no
4350,no
474,no
8689,no
14499,no
9652,no
21805,no
29117,no
12815,no
22736,no
3308,no
14121,no
33260,no
23526,no
39092,yes
24065,no
6569,no
23961,no
21441,no
5095,no
12285,no
30986,no
660,no
27586,no
11529,yes
3253,no
30346,no
32401,no
7351,no
12676,no
7467,no
12509,no
15331,no
5609,no
35600,no
34159,no
34239,no
20570,no
22594,no
41176,no
32897,no
19218,no
32876,no
14963,no
11315,no
21470,no
17325,no
3031,no
8418,no
925,no
36049,no
27751,yes
27601,no
8459,no
15696,no
18755,no
24145,no
22618,no
38986,no
35433,yes
37899,no
10116,no
9242,no
38422,yes
1375,no
41074,no
20248,no
16506,no
37780,no
23005,no
3279,no
32002,no
2299,no
23452,no
32843,yes
32281,no
25864,no
27741,no
7349,no
23731,no
3329,no
15522,no
6777,no
9927,no
18916,no
9510,no
33308,no
16568,no
11837,no
6204,no
11099,no
11270,no
8802,no
16186,no
2186,no
32228,no
9295,no
37921,no
16984,no
19645,no
33380,no
17345,no
8160,no
39878,no
4736,no
36603,no
867,no
18096,no
17610,no
16703,no
10820,no
31582,no
30779,no
11073,no
38203,no
37115,no
28255,no
16505,no
7857,no
3115,no
10912,no
643,no
4974,no
23919,no
19695,no
35074,no
33509,no
29886,no
1733,no
15628,no
20063,no
29432,yes
35141,no
20817,no
31659,no
11750,no
10036,no
38699,no
6820,no
18129,yes
14824,no
27959,no
18079,no
28957,no
11049,no
21368,no
1517,no
40567,yes
14716,no
13526,no
35579,no
17070,yes
29375,no
27914,no
13912,no
39672,no
24813,no
6624,no
8049,no
28117,no
28341,no
4074,no
11196,no
9162,no
35326,no
40967,no
8417,yes
1186,no
27179,no
784,no
39550,no
32649,no
15351,no
36738,yes
7982,no
31466,no
29262,no
1189,yes
39581,yes
5707,yes
7142,no
34134,no
27803,yes
9520,no
29880,no
3622,no
17116,no
23330,yes
21147,yes
33447,no
6021,no
24122,no
36543,no
28569,no
13611,no
19444,no
11761,no
8812,no
33812,no
21784,no
10240,no
13499,no
30611,no
18288,yes
15935,yes
32485,no
40825,no
33915,no
15225,no
27260,no
10115,no
16389,no
194,no
9328,no
21280,no
26683,no
4193,no
15581,yes
12433,yes
21166,no
18466,no
36655,no
9866,no
18599,no
8625,no
11626,no
5214,no
24681,no
5350,no
34867,no
21028,no
26631,no
33555,no
28789,no
16090,no
7951,no
29795,yes
21388,no
14407,no
13675,no
38820,no
490,no
19673,no
14567,no
31290,no
24569,no
34912,no
1680,no
36745,no
1010,no
1936,no
11077,no
30550,yes
24431,no
16022,no
18604,no
24399,no
30555,yes
6782,no
17487,no
15362,no
18929,no
24517,no
13704,no
30543,no
6362,yes
30875,no
34968,yes
11747,no
5417,no
28762,no
22501,no
20987,no
11753,no
3446,no
22056,no
437,no
40737,no
21145,no
19395,no
27752,no
13965,no
37440,no
12643,no
37605,no
16888,no
23790,no
22544,no
10401,no
19421,no
17744,no
35311,no
39664,yes
34874,no
15274,no
25013,no
28210,no
9880,no
36470,yes
25836,no
27904,yes
29045,no
2766,no
25292,no
37163,yes
27166,no
25133,no
28375,no
12795,no
3442,no
25449,yes
25265,no
5143,no
21,no
23910,no
5750,no
34671,no
38994,no
19268,no
37715,no
13476,no
6943,no
12443,no
25713,no
4262,no
26410,no
37090,no
38229,no
11157,no
35885,no
27582,no
11997,no
3242,no
7099,no
33541,no
35306,no
11788,no
24599,no
20491,no
30765,no
27309,no
34460,no
6330,no
39298,yes
24035,yes
39542,yes
18619,no
11175,no
29569,no
38003,no
15289,no
39511,yes
37474,no
468,no
15927,no
4046,no
38025,yes
1976,no
25916,no
13003,no
18673,no
27460,no
966,no
40291,yes
3891,no
38544,no
15914,no
25077,no
39958,yes
24532,no
20022,no
25453,no
30889,no
14398,no
16853,no
18718,no
31416,no
23201,no
19852,no
28297,yes
5994,no
24509,no
17491,no
20673,no
30173,no
11603,no
29323,no
7605,no
14096,no
17358,no
9766,no
7390,no
37514,no
4063,no
36118,no
12425,yes
36979,yes
25041,no
40212,yes
41061,yes
10099,no
21947,no
20260,no
6520,yes
21421,no
35193,no
33892,no
40740,yes
8437,no
24363,no
7057,no
8202,no
18189,no
33469,no
38007,no
24322,no
8261,no
13639,no
15177,no
17521,no
18303,no
16517,no
23057,no
21325,no
3671,no
25348,no
24350,no
26931,no
20608,no
248,no
4550,no
11255,yes
21567,no
28218,no
28855,no
2449,yes
11659,no
37361,no
38216,no
36966,no
20341,no
12028,no
19642,no
34858,no
7861,no
19390,no
2663,no
28751,no
32923,no
38887,no
19902,no
3232,no
38607,no
4469,no
5582,no
39181,yes
34020,no
13380,no
15576,no
28538,yes
12488,no
14095,no
13236,no
12907,no
19782,no
29702,no
34255,no
7527,no
31522,no
8614,no
32865,no
10798,no
7928,no
31246,yes
2737,no
38228,no
30155,no
7701,no
30415,no
25934,no
34199,no
10441,no
11926,no
16419,no
31440,no
19694,no
8646,no
21964,no
25130,no
38458,no
9783,no
33515,yes
20858,no
4084,no
491,no
33608,no
19918,no
35921,no
7015,no
23135,no
8007,no
26424,no
21395,no
8152,no
28291,no
36178,no
8558,no
40047,no
31367,yes
26623,no
11579,no
36259,no
10188,no
1521,no
39604,yes
38406,yes
2930,no
11252,no
24555,no
4540,no
21994,no
11598,no
15553,no
32432,no
6787,no
7380,no
6818,no
39747,no
17191,no
14025,no
26841,no
38741,yes
18732,no
31646,no
4933,no
27085,yes
26065,no
20037,no
14666,no
4375,no
5941,no
22085,no
30444,no
12537,no
16742,no
19152,yes
30877,no
1926,no
19463,no
14384,no
12296,no
27560,no
34163,no
10469,no
3262,no
25986,no
27027,no
29879,no
14761,no
13682,no
1778,no
7430,no
868,no
14936,no
39656,yes
34209,no
103,no
2716,no
14216,no
37507,yes
11592,no
3303,no
31103,no
8862,no
26741,no
17103,no
7529,no
7772,no
40192,yes
19701,no
18956,no
9053,no
11602,no
39662,yes
33205,no
11046,yes
30819,no
29575,no
12422,no
33093,no
26079,no
23540,no
23736,no
7363,no
16523,no
36490,yes
35497,yes
4272,no
2984,no
6964,no
4590,no
40541,no
11273,no
28033,no
1176,no
35756,no
24398,no
37856,no
30679,no
26169,no
7983,yes
23069,no
5093,no
13220,no
35479,no
404,no
38895,yes
26052,no
13155,no
35897,no
13557,no
16767,no
18584,no
18362,no
19059,no
20466,no
16791,no
14416,no
8483,no
30810,no
15817,no
22737,no
36475,no
8072,no
9905,no
34276,no
36696,no
15919,no
1610,no
1018,no
18572,no
14104,no
4622,no
24487,no
36482,no
29967,yes
8540,no
33849,no
7929,no
6417,no
4554,no
28524,no
28859,no
19635,no
13600,no
37324,no
26891,no
13873,no
7669,no
11731,no
23994,no
26506,no
32361,no
2613,no
16188,no
12242,no
16847,no
28743,yes
28004,no
16397,no
34448,no
6534,no
31082,no
3040,no
35965,no
19851,no
38559,no
36429,no
17949,no
19441,no
28143,no
18535,no
14444,no
2971,no
5599,no
32421,no
33609,no
27076,no
16965,no
8877,no
22866,no
29608,no
17457,no
11448,no
34944,no
17887,no
31225,no
38602,no
33448,no
20669,no
22613,no
12936,no
31405,no
33986,no
29144,no
25300,no
38112,no
5275,no
35137,no
11813,no
7651,no
27926,no
6009,no
4060,no
22648,no
5780,yes
4318,no
21934,no
39820,yes
20857,no
34455,no
16444,no
21988,no
17296,yes
355,no
18700,no
36846,no
36345,no
33877,no
33466,no
20303,no
14899,no
13269,yes
34262,no
35622,no
27931,no
18302,no
19692,no
12275,no
12956,no
30620,no
40739,no
16659,no
14683,no
35486,no
23301,no
333,no
19372,yes
76,no
20129,no
38061,yes
41187,no
10528,no
6158,no
9091,no
1284,no
23450,no
2587,no
37973,no
6574,no
16778,no
32093,yes
33870,no
17406,no
21659,no
40360,yes
278,no
37428,no
24949,no
20843,no
37879,no
15837,no
17858,no
26979,no
20312,no
2830,no
918,no
34742,no
35502,no
37725,no
5452,no
7008,no
24778,yes
39434,no
40935,no
16195,no
27723,yes
26961,no
15501,no
34856,no
22183,no
12631,no
22355,yes
31485,no
29623,no
4977,no
3935,no
31426,no
22075,no
22843,no
29483,no
13069,no
21352,no
24607,no
15287,no
15120,no
13929,no
40536,no
12378,no
18400,no
32579,no
30528,no
586,no
40518,no
26980,yes
33169,no
34000,no
11998,no
16237,no
40486,no
35218,no
16693,no
15441,no
2099,no
20177,no
1759,no
15989,no
4468,no
20728,no
40634,no
25704,no
26654,no
29896,no
39497,no
19397,no
13012,no
16724,no
493,no
12208,no
31432,no
26728,no
36084,no
27510,no
35249,no
5820,no
11959,no
34361,no
15626,no
6219,no
23561,no
24268,no
782,no
32029,yes
31549,no
19962,no
39762,no
2721,no
1686,no
22917,no
4066,no
9947,no
6350,no
8797,no
36421,yes
28827,no
10779,no
28349,no
30557,no
22717,no
3113,yes
24438,no
15021,no
36748,yes
11680,no
39423,yes
6740,no
20826,no
23309,no
19495,no
17697,no
18574,no
7691,no
36967,no
18137,no
21643,no
7733,no
27588,no
38604,no
19550,no
23657,no
22179,no
38082,yes
15704,no
12922,no
24340,no
24259,no
25309,no
4707,no
37664,yes
10696,no
34287,no
37732,no
7744,no
10200,no
3440,no
27684,no
22037,no
15786,no
40007,no
26067,no
18323,no
36970,no
18933,no
7792,no
16119,no
33561,no
24462,no
8887,no
31688,no
4055,no
25301,yes
1506,no
12778,no
23959,no
21130,no
19647,no
38200,yes
13571,no
18653,no
2558,no
12763,no
18213,no
18966,no
6789,no
29494,no
19595,no
10383,no
31016,no
26847,no
34863,no
7240,no
4973,no
7376,no
1955,no
7758,no
40744,yes
4683,no
30246,no
19243,no
26350,no
18879,no
26910,no
27439,no
36323,no
34405,yes
15129,no
27619,no
38370,no
31783,no
38329,no
13339,no
32596,no
5985,no
11949,no
35992,no
39029,no
6220,no
27994,yes
5367,no
10373,no
13587,no
35275,no
14447,no
33081,no
4824,no
19479,no
25593,no
15455,no
15026,no
18833,no
3020,no
28223,yes
12472,no
18594,no
19053,no
21774,no
3497,no
1488,no
34875,no
40150,no
10121,no
25708,no
26025,no
26696,no
3977,no
26587,no
37869,no
3071,no
3387,no
16203,no
9941,no
32516,no
22838,no
24440,no
22702,no
18041,yes
40641,no
19111,no
32687,no
36170,no
31020,no
9431,no
3100,no
37641,no
3950,no
39130,yes
21834,no
24002,no
36598,yes
40693,no
5059,no
22784,no
26807,no
22909,no
32604,no
311,no
20508,no
12947,no
20659,no
3529,no
2585,no
27471,no
26022,no
17791,no
38744,yes
33735,no
8425,no
5177,no
8349,no
31624,no
24275,no
32364,no
4165,no
26755,no
6543,no
36871,no
39372,no
29787,no
27333,no
8151,no
19442,no
40286,yes
26916,no
7915,no
17918,yes
26260,no
31666,no
17127,no
15156,no
17062,no
21228,no
17564,no
29435,no
16457,no
31785,no
33824,no
24585,no
21069,no
23882,no
32478,no
12641,no
30844,yes
16978,no
8427,no
28441,no
11468,no
19332,no
23475,no
30355,no
35596,no
24051,yes
19653,no
27686,no
19342,no
28841,yes
18406,no
38374,no
26453,no
1518,no
2507,no
25574,no
2330,yes
11504,no
31966,no
34443,no
28254,no
29438,no
29417,no
33327,no
25729,no
12866,yes
24696,no
691,no
29690,no
12479,no
2376,no
8222,no
3011,no
37959,no
14505,no
39970,yes
9217,no
5748,no
34354,no
35314,no
14745,no
20829,no
38558,yes
2255,no
1430,no
4925,no
26923,no
8615,no
30348,yes
31311,no
19486,no
7813,no
21801,no
39397,yes
28328,no
17066,no
28458,no
25980,no
9811,yes
29099,no
2723,no
2036,no
26764,no
438,no
20766,no
34592,no
9567,no
41048,no
1572,no
38342,no
37697,no
16056,yes
38934,yes
2866,no
38836,no
27488,no
17179,no
20875,no
2848,no
39056,no
29409,no
19329,no
30579,no
31475,no
33006,no
39439,no
38085,no
29123,no
17559,no
22770,no
36196,no
27600,no
36287,no
11930,no
1402,no
39232,yes
8728,no
24854,no
36269,yes
39335,no
4777,no
39066,yes
24613,yes
33785,no
27324,no
15805,no
30780,no
36610,no
25624,no
2603,no
16302,no
37214,yes
33904,no
30459,yes
22972,no
39961,no
12757,no
37703,no
5074,no
2701,no
16663,no
40163,yes
33382,yes
39926,no
28281,no
39980,no
35728,no
15106,no
4425,no
35939,yes
20305,no
20097,no
36935,no
12480,no
14381,no
32751,no
5903,no
35546,no
35659,no
40584,yes
5255,no
28014,no
38052,no
10980,no
26115,no
31537,no
6903,no
11782,no
38157,no
24668,no
22016,no
34855,no
11337,no
19396,no
31018,no
13291,no
8913,yes
17496,no
17459,no
5767,no
34362,no
35624,no
8600,no
27316,no
13610,no
39495,yes
15196,no
11379,no
15306,no
24207,no
29885,no
17221,no
20558,no
35499,no
1799,no
16314,no
33604,no
24561,no
22392,no
14513,no
13032,no
18023,no
18937,no
21438,no
32898,no
33485,no
19729,no
7156,no
424,no
29632,no
4615,no
19520,no
39520,yes
5007,yes
33475,no
27638,no
1931,no
243,no
38807,yes
39377,no
13348,no
34491,no
26294,no
22511,no
30432,no
22776,no
24906,no
35620,no
5595,no
33168,no
3596,no
15018,no
19358,no
35411,yes
2580,no
14308,no
27408,yes
28256,no
40235,yes
23087,no
4266,no
13412,no
29235,no
21720,no
19606,no
23155,no
35752,no
5646,no
33538,no
9579,no
40801,yes
20815,no
34804,no
843,no
6536,no
19249,no
38199,yes
12702,no
39489,yes
25122,no
15297,no
30287,no
32318,no
23952,no
33532,no
40923,no
26474,no
9627,no
24405,no
11973,no
27387,no
32746,no
5108,no
6801,no
29553,no
13287,no
19117,no
25398,no
16611,no
5938,no
40322,no
9326,no
14322,no
19783,no
7431,no
31899,no
6351,no
32465,no
33931,no
20927,no
13329,no
30892,no
16106,no
18819,no
31510,yes
26468,no
40755,yes
32524,no
20315,no
1067,no
29619,no
15754,no
33221,yes
28582,yes
1322,no
1445,no
2016,no
15315,no
28145,no
21630,no
36060,no
8422,no
32429,no
1570,no
6945,no
37181,no
19179,no
16115,no
36351,no
5909,no
18845,yes
21879,yes
11893,no
29320,no
35370,no
3156,no
27594,no
2834,no
38035,no
20656,no
38473,no
28660,no
33772,no
17865,no
12187,no
11910,no
20328,no
32323,no
8697,no
15482,no
29561,no
38860,no
23132,no
16266,no
19305,no
38989,yes
31782,no
31841,no
25553,no
27129,no
1326,no
23384,no
32494,no
12842,no
40789,no
4562,no
11951,no
1052,no
9799,no
30303,yes
27189,no
33157,no
13221,no
40033,yes
3844,no
25227,no
17248,no
25844,no
27990,no
23400,no
39483,no
13591,no
9792,yes
14934,no
26834,no
15387,yes
18721,no
38685,yes
17331,no
34837,no
16433,no
25005,no
9502,no
7672,no
23757,no
17946,no
29307,no
15711,no
32688,no
11151,no
10983,no
14891,no
1480,no
31743,no
27126,no
37206,yes
25256,no
25040,no
8223,no
14587,no
35226,no
13893,no
20249,no
3989,no
29236,no
12883,no
14189,no
24356,no
28523,no
2272,no
8618,no
22614,no
38341,no
5815,no
14251,no
25594,no
14750,no
14102,no
8702,no
30143,yes
40053,yes
1416,no
33496,no
36244,no
28874,no
20289,no
3633,no
22409,no
19115,yes
3430,no
36346,no
8587,no
22034,no
14008,no
17959,no
33739,no
28658,no
15146,no
27524,no
3489,no
35498,no
39675,yes
23303,no
34876,no
33628,no
4771,no
11881,no
8320,no
9818,no
1466,no
38208,yes
9833,no
40130,no
19684,no
34792,no
14565,no
28545,yes
33121,no
37747,no
13370,no
30204,no
35179,no
23981,no
7354,no
11752,yes
17063,no
17721,no
2109,no
40840,no
11642,no
34118,no
15019,no
22092,no
23383,no
36914,no
14988,no
30978,no
13871,no
759,no
4417,no
14043,no
7709,no
6319,no
10000,no
16012,no
3246,no
292,no
35429,no
19813,no
16994,no
1155,no
36282,no
11625,no
25007,no
29181,no
23398,no
21203,no
16944,no
27806,no
40540,no
30031,yes
11995,no
6926,no
13282,no
30643,no
21967,no
32283,no
4097,no
36230,no
20989,no
26655,no
40280,yes
21930,no
3815,no
13470,no
22293,no
25373,no
23771,no
28348,no
20855,no
21222,no
15943,no
37521,no
36993,no
16071,no
29340,no
8227,no
22279,no
27477,no
18480,no
36897,no
25069,no
31989,yes
2226,no
26301,no
2471,no
15191,no
37895,no
19998,yes
40611,no
31223,no
36347,yes
21038,no
781,no
31596,no
25751,no
40926,no
37963,no
3012,no
24611,no
15459,no
3602,no
23458,no
16643,no
12352,no
24098,no
11835,no
22424,no
22740,no
15405,no
15371,no
29293,no
27444,no
19373,no
5458,no
22260,no
8980,no
36685,no
3043,no
23535,no
21261,no
5234,no
32094,no
40394,yes
39332,no
17318,no
34670,yes
24076,no
19632,no
15509,no
31988,no
3784,no
35738,no
11280,no
2077,no
29635,no
39247,no
23713,no
36099,no
30607,no
20228,no
21968,no
7068,no
16241,no
9297,no
32146,no
963,no
37600,no
3029,no
30409,no
33361,no
39806,yes
30066,no
407,no
24893,no
3190,no
16842,no
2576,no
18077,no
29532,no
16485,no
1335,no
8763,no
16185,no
36999,no
31511,no
976,no
12997,no
40244,yes
6492,no
20322,no
16983,no
22046,no
4538,no
749,no
4548,no
37949,no
7573,no
16356,no
24587,no
23493,no
8241,no
9990,no
26680,no
24622,no
24311,no
14182,no
27736,yes
27714,no
24044,yes
32031,yes
2550,no
39207,no
27769,yes
33154,yes
21996,no
29641,no
27658,no
33409,no
3680,no
21536,no
33626,no
22812,no
12836,no
25428,no
2969,no
38799,yes
12123,no
35989,no
31583,no
3046,no
17923,no
18498,no
28981,no
38615,yes
35956,yes
39551,yes
23581,no
16637,no
18800,no
26357,no
8834,no
26921,no
1156,no
6530,no
35321,no
26397,no
19029,no
19108,yes
34711,no
7973,no
24817,no
24710,no
20979,no
1621,no
5768,no
38184,yes
1752,no
23797,no
28648,no
9855,no
16622,no
17854,no
4898,no
2668,no
778,no
7683,no
34036,no
26492,no
34939,no
12271,no
32539,no
26091,no
27410,no
36505,no
8040,no
25362,no
5728,no
39076,yes
29649,yes
27123,no
2756,no
37044,no
4547,no
19843,no
6430,no
21384,no
2022,no
33028,no
13665,no
36173,no
40860,no
5649,no
2302,no
40785,yes
20715,yes
12913,no
27820,no
16258,no
556,yes
21391,no
14247,no
5823,no
10431,no
39751,no
14452,no
16018,yes
18632,no
8287,no
9704,no
38532,no
32895,no
6433,yes
15067,no
37186,no
34175,no
19308,no
22957,no
891,no
31489,no
7239,no
39597,no
32546,yes
13017,no
16370,no
39395,no
27398,no
11511,no
31615,no
15868,no
13618,no
40459,no
3728,no
27954,no
18197,no
21504,no
21854,no
804,no
22024,no
7842,no
29408,yes
36963,no
11159,no
35020,no
15216,no
22975,no
34852,no
19159,no
1499,no
17400,no
1083,no
4996,no
35073,no
10377,no
40852,yes
36809,yes
4131,no
30853,yes
3719,no
10272,no
17313,yes
30240,no
25560,no
29020,no
3321,no
12974,no
15226,no
8032,no
9761,no
9020,no
40202,yes
17910,no
18495,no
39170,yes
3575,no
667,no
7883,no
7657,no
15659,no
33543,no
40726,no
35053,no
15250,no
2103,no
16009,no
16400,no
14358,no
30704,no
20180,no
26532,no
15796,yes
16520,no
11518,no
22076,no
38273,no
9432,yes
15171,no
28099,no
4099,no
20724,no
1028,no
741,no
13530,no
37538,yes
22404,no
32467,no
4889,no
35813,yes
19806,no
22894,no
21669,no
37450,no
15846,no
11180,no
34335,no
31644,no
8939,no
13309,no
20453,no
33699,no
15862,no
29954,no
27563,yes
34516,no
26116,no
25167,no
5210,no
15683,no
17542,no
18669,no
32795,no
34303,no
17181,yes
4830,no
40794,no
24588,no
23071,no
32816,no
719,no
6086,no
28857,no
16267,no
29321,no
32934,no
16685,yes
6446,no
19311,no
18413,no
35464,no
9857,no
3685,yes
16089,no
17508,no
11334,no
28925,no
1742,no
39472,yes
9078,no
12663,no
21047,no
4217,no
35558,no
15743,no
30358,no
23328,no
25220,no
17746,no
14611,no
662,no
14086,no
7118,no
40851,yes
5156,no
35829,yes
12021,no
33288,no
9330,no
29243,no
7330,no
7517,no
27184,no
28634,no
15924,no
3268,no
5310,no
31739,no
2091,no
19176,yes
30269,no
13881,no
37427,no
8633,no
30635,yes
522,no
19279,no
30740,no
5864,no
25528,yes
5755,no
18384,no
32299,no
7153,no
20007,no
28066,no
37146,yes
12185,no
28735,no
27045,no
25132,no
21099,no
27652,no
16592,no
29476,no
13471,yes
34581,no
39773,no
6414,no
34450,no
6120,no
26644,no
8819,no
23592,no
38426,yes
30029,no
8411,no
25455,no
9497,no
3909,no
3070,no
16961,no
14817,no
14736,no
35088,no
2786,no
31817,no
23574,no
41014,yes
14057,no
30267,no
2363,no
14084,no
20744,no
6259,no
26165,no
7753,no
11256,no
16499,no
2619,no
7944,no
33753,no
25620,no
34296,no
29771,yes
33582,no
27353,no
35848,no
41018,yes
25463,no
30610,yes
28231,no
11536,no
16711,yes
4962,no
23320,no
4335,no
35166,no
30482,no
3857,no
9724,no
16083,no
37645,yes
38213,yes
37815,no
23380,no
21043,yes
21948,no
351,no
35991,no
25673,yes
16925,no
37625,yes
2411,no
26826,no
5101,no
20142,no
22907,no
37660,no
14239,no
2890,no
15929,no
18222,no
5749,no
20436,no
19958,no
3146,no
25179,no
22294,no
18807,no
31738,no
19703,yes
702,no
39972,yes
13604,no
4498,no
22162,no
26879,no
24676,no
12928,no
19544,no
19335,no
18676,no
17258,no
2232,no
18426,no
34745,no
7027,no
6879,no
9727,no
36769,yes
35293,no
7682,no
4569,no
27598,no
8485,no
5786,no
31056,no
39226,yes
31558,yes
12290,no
5460,no
1395,no
5549,no
36440,yes
22900,no
33111,no
40411,yes
30429,no
38376,yes
1886,no
30390,no
921,no
4848,no
19705,no
15314,no
26087,no
8069,no
11358,no
20278,no
26197,no
20771,no
3783,no
27823,yes
2114,no
5065,no
9910,no
39047,no
28675,no
2328,no
27566,no
11194,no
7991,no
29177,no
9875,no
11999,no
4205,no
12169,no
37651,no
21068,no
23415,no
18420,no
13413,no
18097,no
4315,no
17424,no
29441,no
21243,no
8144,no
17199,no
2519,no
33266,no
13057,no
12657,no
38695,yes
13483,no
35315,no
36024,no
38180,no
8642,no
5343,no
21209,no
40831,no
18438,no
34976,yes
34767,no
36564,no
3779,no
35023,no
38248,no
39096,no
33868,no
8737,no
19450,no
5475,no
5950,no
5307,no
32193,no
9468,no
39731,yes
4478,no
12845,no
34293,no
29254,no
951,no
24797,no
26483,no
34359,yes
21343,no
17535,no
25015,no
40896,no
22561,no
24818,no
37380,no
32547,no
35998,no
27703,no
22994,no
27687,no
26814,no
37938,no
15400,no
3285,no
21976,no
37513,no
10603,no
4294,yes
31550,no
33944,no
9102,no
26462,no
8516,no
7678,no
31813,no
21920,no
7648,no
35124,no
29207,no
28716,no
11002,no
19392,no
16495,no
5306,no
20086,no
6761,no
26941,no
40905,no
37051,no
27272,no
11490,no
37984,yes
37004,no
8087,no
33087,no
31472,no
20009,no
33384,no
39622,no
13986,yes
18724,no
7690,no
25407,no
32438,no
37418,yes
25539,no
26054,no
7428,no
26942,no
8626,no
19832,no
24345,no
6268,no
26686,no
37865,no
4088,no
5615,no
17180,no
2153,no
588,no
7840,no
31912,no
28591,yes
24360,no
25979,no
17190,no
11138,no
15998,no
8740,no
14026,no
20231,no
8538,no
20407,no
15856,no
37672,no
11538,no
11226,no
40052,no
19968,no
20600,no
4719,no
2475,no
35280,no
2864,no
23028,no
36224,yes
11509,no
12430,no
40140,no
6208,no
31801,no
581,no
32763,no
17875,no
39825,no
17000,no
32460,no
834,no
18088,no
30365,yes
14973,no
3247,no
23668,no
34251,no
31742,no
34420,no
19060,yes
37980,no
2314,no
11580,no
22807,no
41076,yes
8674,no
28371,no
21297,no
32059,no
26210,no
26752,no
37778,no
39152,yes
10308,no
15211,yes
1059,no
18434,no
4944,no
8953,no
32987,no
10757,no
4779,no
5940,no
17033,no
144,no
4450,no
22442,no
15433,no
10650,no
8876,no
26007,no
10923,no
1514,no
16143,no
39388,yes
18992,no
20531,no
8402,no
27313,no
19859,no
13163,no
16974,no
35640,no
35538,no
32068,no
31943,no
9487,no
32834,no
977,no
31780,no
36492,no
25125,no
15531,no
20759,no
23694,no
26409,no
38059,no
29584,no
36103,no
31265,no
20954,no
10323,no
12973,no
9202,no
23735,no
6317,no
11707,no
40301,yes
31245,no
21807,no
1208,no
37284,no
2196,no
38552,yes
37299,no
23016,no
32000,no
31071,no
30907,no
6419,no
14168,no
24790,no
31867,yes
15658,no
32278,yes
19982,no
13962,no
12167,no
8305,no
12633,no
25773,no
31212,no
28450,no
19089,no
24792,yes
32246,no
30910,no
17688,no
18251,no
20643,no
28009,no
23258,no
28928,no
3061,no
19906,no
7793,yes
16988,no
36134,yes
16452,no
19408,no
15488,no
35794,no
22926,no
33369,no
11192,no
22479,yes
29656,no
1320,no
40019,no
18440,no
12987,no
33670,no
40750,no
33576,no
34566,no
30159,yes
11456,no
5788,no
10807,no
33015,no
31777,no
14688,no
3120,no
29971,yes
37045,yes
32319,no
302,no
5405,no
35147,no
7518,no
32663,no
25034,no
23472,no
12292,no
27306,no
28996,no
22571,no
37545,no
38038,no
38308,no
18579,no
7910,no
24739,no
5589,no
31206,no
7032,no
17770,no
20084,no
17396,no
35259,no
16858,no
163,no
3289,no
4640,no
38242,yes
17495,no
1690,no
32072,no
12465,no
2218,no
17172,no
11486,no
38829,no
21309,no
30608,no
4951,no
5557,no
35667,no
40151,yes
10084,no
26002,no
23850,no
31826,no
35191,no
23918,no
19509,no
11525,no
30384,no
9039,no
36670,no
19527,no
13467,no
37048,no
17717,no
570,no
18004,no
13677,no
2901,no
41040,yes
25761,no
25649,no
4483,no
35836,no
17484,no
2199,no
24420,no
14763,yes
9014,no
11736,no
30438,no
40234,yes
17474,no
25393,no
23418,no
24170,no
28168,yes
22543,no
15046,no
38050,no
40783,yes
2651,no
38714,no
22340,no
18526,no
20818,no
4914,no
64,no
15416,no
22435,no
23896,no
18854,no
108,no
40555,no
16023,no
20342,no
7281,no
25814,no
33697,no
41134,yes
35529,no
17254,no
35524,no
15569,no
5098,no
30070,no
27866,yes
884,no
41062,no
5624,no
23520,no
1870,no
28454,no
11496,no
13156,no
1143,no
39827,yes
23888,no
14272,no
40928,yes
13660,no
24936,no
16401,no
14264,no
23946,no
16525,no
32723,no
36042,no
32761,no
7743,no
14985,no
33453,yes
23906,no
26597,no
18957,no
22026,no
1740,no
13401,no
36096,no
20014,no
5580,no
4473,no
14426,no
18408,no
1146,no
33481,yes
4513,no
16556,no
39086,yes
5057,no
27197,no
20834,no
1949,no
15293,no
28122,no
39655,no
22995,no
119,no
6224,no
26137,no
13304,no
11819,no
21200,no
14015,no
1378,no
27692,no
37781,no
14400,no
23653,no
29932,no
12976,no
36310,no
4032,no
12689,no
32975,no
12872,no
13862,no
11374,no
27325,no
23395,no
26548,yes
7336,no
40676,yes
22356,no
8800,no
6918,no
18221,no
1442,yes
2612,no
14575,no
39427,no
38525,no
33911,no
31375,no
11162,no
35281,no
14323,no
16536,no
13157,no
17700,no
18955,no
14648,no
7649,no
31505,no
25452,no
23782,no
2405,no
5586,no
11417,yes
8972,no
2238,no
4815,no
32270,no
13472,no
24010,no
37649,yes
34196,yes
37468,no
24714,no
12278,no
10954,no
7867,no
22100,no
9883,no
17208,no
33239,no
32598,no
8838,no
20743,no
25380,no
13116,no
34333,no
24722,no
38153,no
33859,no
9173,no
16037,no
6198,no
24763,no
40008,yes
41175,no
253,no
21516,no
3810,no
31015,no
24488,yes
36615,yes
12681,no
19639,no
9662,no
25214,no
35760,no
14097,no
23382,no
30949,no
16002,no
8987,no
37986,no
14014,no
22785,no
16132,no
19466,no
26555,no
1055,no
14297,no
11171,no
28070,no
34403,no
32991,no
28511,yes
225,no
2509,no
28104,no
23759,yes
22857,no
11066,no
25399,no
14160,no
11302,no
35324,no
7169,no
3573,no
16268,no
15970,no
19314,no
9559,no
25036,no
31022,no
4586,no
28170,no
14986,no
36815,no
26255,no
25368,no
30330,yes
2418,no
14443,no
14211,no
18962,no
35450,no
37951,no
38571,yes
19554,no
5088,no
17764,no
23292,no
15635,no
10268,no
33706,no
6480,no
13859,no
7120,no
37568,yes
2791,no
28669,no
26340,no
16343,no
33568,no
18330,no
7659,no
25833,no
26753,no
38065,no
23248,no
10293,no
33068,no
33507,yes
39103,yes
37265,yes
19425,no
13019,no
8424,no
35487,no
24612,no
3052,no
17626,no
38954,no
28333,no
20172,no
4960,no
5135,no
40016,no
14491,no
41170,no
4619,no
19362,no
31231,no
16355,no
40246,yes
19030,no
4757,no
15309,no
4188,no
1606,no
19630,no
37686,yes
35723,no
17537,no
38662,no
7677,no
24702,no
24512,no
19553,no
31931,no
14846,no
19379,no
32790,yes
5009,no
15599,no
10811,no
14252,no
23171,no
7297,no
37438,no
20624,no
18244,no
15823,no
28667,no
2241,no
21301,no
32015,no
33752,yes
9063,no
37084,no
20386,no
1102,no
10934,no
12405,no
13804,no
26441,yes
20681,no
41120,no
29612,no
9119,no
20333,yes
19854,no
22236,yes
25264,no
27473,no
36793,no
12873,no
22223,no
6307,no
32282,no
28413,yes
5260,no
1746,no
10922,no
3809,no
8586,no
40995,no
6486,no
32024,no
22958,no
35612,no
18457,no
27416,no
39719,yes
10589,no
17880,no
31115,no
19133,no
5115,no
18196,no
26428,no
22213,no
28149,no
27953,yes
12722,no
39998,yes
17452,no
36250,yes
40904,no
32463,no
35252,no
12853,no
33679,no
33039,no
7844,no
20636,no
19399,no
31767,no
20871,no
20474,no
30678,no
15899,no
39915,yes
3705,no
14277,no
8368,no
20577,no
4901,no
2459,no
10425,no
11156,no
9897,no
33917,no
20710,no
25741,no
22992,no
2711,no
18235,no
33071,no
10792,no
10890,no
22777,no
19235,no
2608,no
13446,no
7211,no
9816,no
38191,no
30672,no
37706,yes
22891,no
11675,no
13907,no
34432,no
28111,no
4354,no
34557,no
35931,yes
4116,no
14724,no
11539,no
36456,no
785,no
6522,no
21477,no
18656,no
30650,no
17706,no
39630,no
37105,no
30234,yes
6702,no
24375,no
18880,no
908,no
453,no
29273,no
40430,no
40377,yes
19050,no
16649,no
1384,no
29742,no
7502,no
31075,no
26789,no
30464,yes
367,no
20432,no
36055,no
13202,no
15169,no
27069,no
36541,yes
20358,no
12164,no
36765,yes
24868,no
25831,no
18744,no
25769,no
26583,no
39814,no
17982,no
19946,no
40946,no
16878,no
27356,no
5226,no
22476,no
7552,no
19462,no
34791,no
24064,no
4251,no
23021,no
24092,no
28113,no
16569,no
27606,no
18710,no
30665,no
11853,no
15839,no
7757,no
8738,no
8580,no
27054,yes
31915,no
6498,no
40087,no
36968,no
10831,no
16664,no
31054,no
38078,yes
28083,yes
1297,no
5028,no
1944,no
3016,no
30495,no
40695,no
37056,yes
33238,no
9903,no
18254,no
35412,no
40403,no
7603,no
26368,no
15972,no
23706,no
4392,no
39690,yes
40942,yes
25828,no
8214,no
16819,no
13464,no
36695,no
28990,yes
1784,no
16898,no
19410,no
9517,no
13113,no
27894,no
17089,no
23271,no
31881,no
13668,no
11595,no
35626,no
16762,no
13926,no
37578,yes
31131,no
19447,no
34017,no
18756,no
13288,no
14137,yes
12248,no
18044,no
8326,no
39614,no
28219,no
28298,no
22787,no
25101,no
34635,no
9418,no
18000,no
32862,yes
5081,no
12350,no
11075,no
37107,no
8564,no
26157,no
36172,no
378,no
9023,no
16707,no
9859,no
1718,no
297,no
17464,no
16248,no
33587,no
38413,no
15993,no
4329,no
39478,yes
5041,no
36016,no
40277,no
15148,no
4633,no
20165,no
20089,no
11487,no
31564,no
11131,no
22903,no
9917,no
10002,no
9597,no
7924,no
10393,no
10324,no
2367,no
4411,no
11721,no
20864,no
19947,no
31929,no
15453,no
15557,no
23246,no
574,no
28493,no
33,no
23760,no
23719,no
4092,no
9210,no
14369,no
9968,no
36732,no
36810,no
27288,yes
15595,no
10738,no
33955,no
10725,no
10476,no
37193,yes
36584,yes
34848,no
23453,no
25379,no
19219,no
6361,no
35811,no
18128,no
32852,no
39849,yes
32135,no
39957,yes
19426,no
33217,yes
5314,no
22143,no
11553,no
13367,no
6314,no
10763,no
36180,no
33765,yes
22242,no
19303,no
22116,no
34215,no
33519,no
26773,no
16371,no
27772,yes
37080,yes
28050,no
20062,no
10547,no
9204,yes
16532,no
19023,no
19815,no
40875,yes
8557,no
7146,no
30479,no
18272,no
23492,no
34485,no
33363,no
22191,no
23753,no
39011,yes
5287,no
8868,no
5112,yes
35084,no
25381,no
16808,no
2957,no
31600,no
10870,no
38201,no
18064,no
26308,no
27890,yes
17204,no
3954,no
23712,no
20821,no
5027,yes
30344,no
12948,no
1457,no
41088,yes
6711,no
3129,no
23319,no
37266,no
14005,no
11264,no
149,no
38419,yes
6069,no
21735,no
26974,no
11552,yes
3330,no
17503,no
37866,no
18179,no
4644,no
39764,yes
14111,no
26600,no
35455,no
20277,no
38588,no
27756,no
21378,no
34081,no
17919,no
10731,no
2269,no
